Pvä;Korkein;Matalin;Päätös;Keskimääräinen;Kok.volyymi;Liikevaihto
14.1.2008;2819,97;2756,78;2812.99;0;;1134555954
11.1.2008;2800,8;2761,68;2777.68;0;;1329209819
10.1.2008;2880,94;2778,79;2782.26;0;;1316985366
9.1.2008;2886,27;2812,06;2841.1;0;;1474528143
8.1.2008;2914,44;2859,41;2886.55;0;;1557744134
7.1.2008;2949,73;2852,2;2870.55;0;;1538035816
4.1.2008;3024,47;2931,98;2935.39;0;;1445693293
3.1.2008;3018,92;2976,81;3000;0;;1090504689
2.1.2008;3044,87;2995,24;2999.33;0;;846353743
28.12.2007;3015,19;2975,75;3010.11;0;;519215866
27.12.2007;3021,72;2991,31;2997.62;0;;619987450
21.12.2007;2997,87;2931,94;2995.42;0;;1626139465
20.12.2007;2949,81;2928,99;2931.83;0;;1255337774
19.12.2007;2955,3;2914,12;2929.54;0;;992551076
18.12.2007;2974,78;2918,54;2943.84;0;;1282585094
17.12.2007;3032,98;2952,16;2958.5;0;;1160621646
14.12.2007;3060,91;3001,02;3033.48;0;;836304451
13.12.2007;3116,94;3030,28;3036.29;0;;1184870880
12.12.2007;3128,88;3072,08;3117.44;0;;1193643608
11.12.2007;3150,51;3120,15;3128.54;0;;884385535
10.12.2007;3138,84;3105,53;3131.11;0;;920023296
7.12.2007;3136,14;3070,92;3127.17;0;;1340365912
5.12.2007;3078,61;3024,55;3072.26;0;;1079543246
4.12.2007;3099,77;3018,9;3023.96;0;;1776950072
3.12.2007;3134,44;3091,69;3096.87;0;;1166985304
30.11.2007;3138,74;3086,63;3121.32;0;;1345493564
29.11.2007;3105,38;3056,56;3086.87;0;;1262128796
28.11.2007;3069,89;2962,29;3065.72;0;;1596834081
27.11.2007;3024,58;2957,01;2981.97;0;;1297228928
26.11.2007;3090,33;3006,19;3028.27;0;;1178756466
23.11.2007;3022,41;2976,65;3005.76;0;;890860854
22.11.2007;3021,21;2971,45;2977.62;0;;903624821
21.11.2007;3083,11;2971,69;2985.38;0;;1514655942
20.11.2007;3086,45;2999,69;3083.24;0;;1553768065
19.11.2007;3144,78;3028,26;3031.38;0;;1249540070
16.11.2007;3137,43;3084,83;3106.56;0;;1216098227
15.11.2007;3191,52;3112,23;3139.52;0;;1121678666
14.11.2007;3228,33;3173,5;3188.68;0;;1399738673
13.11.2007;3190,64;3121,12;3173.46;0;;1401951208
12.11.2007;3227,63;3172,06;3190.77;0;;1194008591
9.11.2007;3313,13;3207,84;3218.03;0;;1574220234
8.11.2007;3334,41;3267,91;3292.02;0;;1757867032
7.11.2007;3379,8;3316;3333.8;0;;2007638049
6.11.2007;3362,02;3312,78;3349.84;0;;1455576063
5.11.2007;3337,42;3299,74;3312.22;0;;1037234066
2.11.2007;3347,78;3300,14;3337.75;0;;1338724315
1.11.2007;3390,73;3311,19;3339.31;0;;1606106535
31.10.2007;3361,01;3315,03;3356.3;0;;1415163058
30.10.2007;3351,47;3319,24;3330.77;0;;1242479858
29.10.2007;3347,02;3294,39;3330.72;0;;1312933605
26.10.2007;3330,22;3268,87;3294.69;0;;1531270169
25.10.2007;3306,75;3243,48;3288.28;0;;1849605876
24.10.2007;3291,06;3244,06;3244.21;0;;1697725441
23.10.2007;3262,64;3192,34;3246.28;0;;1511531652
22.10.2007;3258,29;3186,66;3192.56;0;;1563323211
19.10.2007;3297,62;3248,03;3258.6;0;;1617721276
18.10.2007;3284,17;3245,45;3260.57;0;;4652036849
17.10.2007;3255,07;3210,05;3251.05;0;;1953603527
16.10.2007;3239,44;3190,29;3210.56;0;;2778014723
15.10.2007;3308,26;3239,42;3239.88;0;;1327372642
12.10.2007;3328,28;3277,88;3301.6;0;;1362171561
11.10.2007;3332,12;3294,82;3328.28;0;;1843727708
10.10.2007;3304,62;3280,94;3294.82;0;;1323800727
9.10.2007;3297,47;3255,53;3297.05;0;;1321691319
8.10.2007;3297,14;3269,29;3269.88;0;;1064740513
5.10.2007;3292,29;3258,02;3278.15;0;;1456006724
4.10.2007;3305,34;3245,09;3257.73;0;;1531480401
3.10.2007;3332,31;3298;3305.01;0;;1092302849
2.10.2007;3360,58;3312,68;3319.54;0;;1572891425
1.10.2007;3325,43;3283,04;3325.04;0;;1784005329
28.9.2007;3326,74;3305,38;3323.68;0;;1277053113
27.9.2007;3330,59;3288,21;3322.9;0;;1592398365
26.9.2007;3297,11;3230,67;3287.84;0;;1419917124
25.9.2007;3294,31;3205,26;3230.76;0;;1733759656
24.9.2007;3308,02;3284;3293.12;0;;1460960289
21.9.2007;3294,94;3221,83;3288.02;0;;2277413444
20.9.2007;3246,57;3203,11;3223.11;0;;1351572853
19.9.2007;3249,34;3122,45;3246.57;0;;1938441639
18.9.2007;3131,11;3077,57;3122.34;0;;1217244823
17.9.2007;3131,92;3083,26;3091.18;0;;1031448842
14.9.2007;3141,56;3102,01;3128.31;0;;880413846
13.9.2007;3146,72;3102,35;3138.89;0;;1144241121
12.9.2007;3136,45;3102,15;3127.76;0;;1414784856
11.9.2007;3144,54;3080,97;3131.5;0;;1085729964
10.9.2007;3128,5;3078,34;3080.75;0;;1184199729
7.9.2007;3213,59;3119,2;3121.85;0;;1842903577
6.9.2007;3194,46;3154,38;3186.09;0;;1520248238
5.9.2007;3227,29;3162,28;3164.04;0;;1478520520
4.9.2007;3207,67;3160,66;3206.1;0;;1267470254
3.9.2007;3198,38;3172,85;3180.65;0;;619032730
31.8.2007;3181,75;3142,39;3174.8;0;;1318637841
30.8.2007;3146,14;3110,54;3142.65;0;;1563477822
29.8.2007;3114,24;3023,3;3110.62;0;;1632161426
28.8.2007;3122,55;3061,36;3064.07;0;;955152533
27.8.2007;3141,36;3113,81;3122.64;0;;610121631
24.8.2007;3121,29;3070,04;3113.76;0;;873556261
23.8.2007;3142,92;3085,54;3098.25;0;;1208358763
22.8.2007;3098,29;3011,7;3091.85;0;;1439328444
21.8.2007;3015,81;2968,49;3011.79;0;;1097233453
20.8.2007;3035,62;2959,31;3006.96;0;;1334312393
17.8.2007;3015,71;2877,84;2959.58;0;;2519195679
16.8.2007;3042,48;2898,51;2924.66;0;;1975806420
15.8.2007;3062,5;3008,26;3043.08;0;;1166541656
14.8.2007;3106,59;3064,31;3068.37;0;;1429236396
13.8.2007;3095,82;2990,22;3091.29;0;;1886735548
10.8.2007;3092,22;2968,3;2990.51;0;;1959155589
9.8.2007;3136,91;3076,55;3092.81;0;;2604245826
8.8.2007;3141,12;3075,38;3135.74;0;;1875192340
7.8.2007;3103,46;3045,57;3075.65;0;;1414208760
6.8.2007;3089,94;3036,98;3045.57;0;;1275231741
3.8.2007;3169,22;3080,57;3090.53;0;;1784421246
2.8.2007;3174,59;3118,67;3155.58;0;;3686207399
1.8.2007;3186,89;3090,45;3117.16;0;;1686252981
31.7.2007;3199,02;3133,01;3191.38;0;;1714419924
30.7.2007;3150,26;3118,86;3129.94;0;;1286543136
27.7.2007;3159,86;3099,07;3122.86;0;;1887920324
26.7.2007;3215,83;3125,97;3129.24;0;;1751973807
25.7.2007;3249,28;3195,87;3197.06;0;;1333401657
24.7.2007;3306,05;3246,33;3251.12;0;;1144721743
23.7.2007;3313,08;3281,02;3300.24;0;;983952971
20.7.2007;3336,34;3296,97;3298.8;0;;1460138614
19.7.2007;3340,03;3304,09;3316.25;0;;1245514072
18.7.2007;3342,04;3316,3;3321.65;0;;1207448460
17.7.2007;3369,69;3335,69;3345.62;0;;965261251
16.7.2007;3386,44;3364,16;3370.71;0;;679601465
13.7.2007;3385,19;3351,87;3379.03;0;;1005879446
12.7.2007;3352,24;3302,45;3348.63;0;;1122399284
11.7.2007;3318,02;3273,05;3311.28;0;;1109650967
10.7.2007;3356,97;3311,5;3322.11;0;;915170034
9.7.2007;3357,66;3334,53;3349.02;0;;691920339
6.7.2007;3341,47;3308,83;3333.51;0;;794452554
5.7.2007;3345,9;3304,44;3308.15;0;;856596942
4.7.2007;3336,72;3306,58;3332.64;0;;770663357
3.7.2007;3312,7;3286,83;3309.28;0;;1037375679
2.7.2007;3289,29;3239,68;3283.93;0;;1114970593
29.6.2007;3275,53;3239,52;3249.31;0;;1006515969
28.6.2007;3257,8;3222,71;3253;0;;968625096
27.6.2007;3255,63;3206,73;3218.96;0;;1001369172
26.6.2007;3268,39;3238,12;3259.04;0;;973529108
25.6.2007;3293,12;3237,37;3263.79;0;;1267587366
21.6.2007;3322,29;3275,25;3296.87;0;;1606394670
20.6.2007;3353,86;3314,91;3328.59;0;;1312714953
19.6.2007;3327,34;3300,42;3313.72;0;;1340386341
18.6.2007;3328,36;3307,31;3317.63;0;;1559641836
15.6.2007;3318,64;3272,95;3317.83;0;;1838836288
14.6.2007;3278,93;3216,52;3272.1;0;;1312752289
13.6.2007;3219,5;3175,19;3212.09;0;;1426614974
12.6.2007;3243,15;3197,57;3208.74;0;;1217443539
11.6.2007;3245,69;3203,49;3237.46;0;;1145761728
8.6.2007;3209,3;3153,67;3201.45;0;;1781888733
7.6.2007;3283,41;3197,19;3205.99;0;;1778767481
6.6.2007;3315,3;3248,59;3255.91;0;;1452729322
5.6.2007;3343,02;3308,41;3314.34;0;;1457942581
4.6.2007;3351,9;3328,7;3336.47;0;;1365256923
1.6.2007;3348,57;3315,36;3347.71;0;;1429120814
31.5.2007;3324,82;3270,02;3315.35;0;;1720884192
30.5.2007;3268,35;3233,1;3267.3;0;;1446232701
29.5.2007;3296,87;3268,64;3270.56;0;;999138937
28.5.2007;3295,71;3273,8;3295.68;0;;243724660
25.5.2007;3281,29;3246,21;3274.82;0;;1172660484
24.5.2007;3288,57;3255,63;3273.81;0;;1164601509
23.5.2007;3269,5;3235,7;3268.83;0;;1290007089
22.5.2007;3241,71;3224,17;3237.85;0;;1214100716
21.5.2007;3250,47;3202,83;3236.42;0;;1365178399
18.5.2007;3217,6;3192,14;3209.41;0;;1626043982
16.5.2007;3200,24;3176,57;3197.37;0;;1263053591
15.5.2007;3194,82;3162,08;3192.31;;;1610029726
14.5.2007;3183,2;3147,32;3176.55;;;2235261627
11.5.2007;3145,08;3082,7;3144.93;;;1365378499
10.5.2007;3172,94;3132,8;3133.37;;;1501330960
9.5.2007;3192,9;3141,06;3150.55;;;1466174629
8.5.2007;3242,68;3164,99;3165.57;;;1318866777
7.5.2007;3243,15;3223,61;3243.15;;;716913268
4.5.2007;3231,37;3200,04;3226.11;;;1512356921
3.5.2007;3220,11;3194,27;3212.51;;;1565623185
2.5.2007;3211,39;3177,64;3209.77;;;1604979728
30.4.2007;3193,4;3173,7;3173.7;;;1102869711
27.4.2007;3206;3167,51;3181.01;;;1466576532
26.4.2007;3214,89;3176,39;3196.33;;;2744296395
25.4.2007;3179,15;3143,71;3173;;;1293446745
24.4.2007;3191,72;3146,02;3151.8;;;1572556260
23.4.2007;3195,36;3181,91;3190.39;0;;1213436939
20.4.2007;3183,6;3143,88;3183.49;0;;1992922967
19.4.2007;3143,75;3100,05;3142.27;0;;3608368403
18.4.2007;3162,75;3119,26;3138.93;0;;1352512135
17.4.2007;3166,19;3138,01;3164.35;0;;1401334305
16.4.2007;3164,28;3142,96;3160.2;0;;1119709838
13.4.2007;3154,56;3119,36;3143.05;0;;940496705
12.4.2007;3153,92;3121,39;3149.23;0;;1209757675
11.4.2007;3183,21;3147,81;3154.99;0;;1357437867
10.4.2007;3152,68;3127,49;3150.7;0;;1218917104
5.4.2007;3137,86;3119,68;3130.03;0;;951796033
4.4.2007;3136,18;3118,42;3130.55;0;;1386067696
3.4.2007;3119,12;3075,97;3118.03;0;;1218754362
2.4.2007;3088,05;3055,48;3072.7;0;;947504303
30.3.2007;3080,34;3056,02;3077.7;0;;859919666
29.3.2007;3074,2;3039,71;3072.61;0;;1275272072
28.3.2007;3084,34;3051,04;3055.89;0;;1098326258
27.3.2007;3114,07;3080,97;3084.7;0;;958977289
26.3.2007;3120,47;3086,85;3094.61;0;;1075420912
23.3.2007;3115,35;3094,25;3113.94;0;;1016498151
22.3.2007;3113,12;3063,46;3107.17;0;;1605500272
21.3.2007;3061,27;3036,48;3059.12;0;;1013243226
20.3.2007;3048,9;3021,53;3037.55;0;;1228950249
19.3.2007;3044,51;3009,7;3043.87;0;;1135084975
16.3.2007;3027,44;2982,46;3006;0;;1828546931
15.3.2007;2993,07;2931,26;2993.07;0;;1212187876
14.3.2007;3006,59;2920,7;2927;0;;1556176113
13.3.2007;3052,47;3009,97;3009.97;0;;869283081
12.3.2007;3079;3035,33;3044.27;0;;841467002
9.3.2007;3054,14;3005,87;3046.96;0;;1130790887
8.3.2007;3047,98;3009,35;3045.85;0;;1196084008
7.3.2007;3017,32;2962,92;3008.46;0;;1225291428
6.3.2007;2978,03;2949,22;2961.67;0;;1260773599
5.3.2007;2979,81;2879,8;2950.3;0;;1634546169
2.3.2007;2990;2935,78;2984.79;0;;1901471777
1.3.2007;3021,98;2916,47;2946.23;0;;2278658588
28.2.2007;3022,34;2915,24;2987.85;;;2189084978
27.2.2007;3147,95;3024,14;3029.45;0;;1862980569
26.2.2007;3151,78;3123,25;3150.09;0;;897038531
23.2.2007;3125,32;3103,96;3125.32;0;;860292546
22.2.2007;3126,33;3092,25;3114.56;0;;969523557
21.2.2007;3128,04;3085,68;3092.43;0;;1330519118
20.2.2007;3122,53;3098,16;3111.18;0;;1130780444
19.2.2007;3110,35;3078,64;3106.56;0;;895556573
16.2.2007;3083,83;3061,69;3082.43;0;;1069737341
15.2.2007;3077,14;3057,15;3067.64;0;;1271558426
14.2.2007;3069,03;3022,76;3067.96;0;;1552843717
13.2.2007;3024,75;3009,77;3021.33;0;;996356261
12.2.2007;3044,57;3011,9;3022.61;0;;1048771093
9.2.2007;3050,34;3023,13;3046.52;0;;1137963886
8.2.2007;3053,93;3007,22;3020.64;0;;1678958791
7.2.2007;3047,98;3017,72;3041.39;0;;1624901468
6.2.2007;3028,55;3012,74;3024.95;0;;1097862508
5.2.2007;3019,71;3003,55;3017.94;0;;1013353600
2.2.2007;3019,53;2998,63;3013.96;0;;1379795224
1.2.2007;3041,66;2998,45;3007.44;0;;2042949744
31.1.2007;3008,29;2980,93;2995.13;0;;1361430673
30.1.2007;3008,26;2974,01;3008.2;0;;1320692294
29.1.2007;2986,55;2954,24;2985.46;0;;1221393399
26.1.2007;2975,03;2947,94;2958.2;0;;1814137745
25.1.2007;2994,44;2967,15;2972.11;0;;3684475208
24.1.2007;2982,58;2936,88;2975.44;0;;1506865960
23.1.2007;2944,59;2920,29;2936.66;0;;1478831316
22.1.2007;2970,57;2941,75;2941.75;0;;930088231
19.1.2007;2948,3;2902,79;2947.01;0;;1403909829
18.1.2007;2934,61;2909,91;2916.68;0;;1244533783
17.1.2007;2942,32;2924,3;2932.28;0;;1080351188
16.1.2007;2939,65;2921,71;2926.62;0;;1399287541
15.1.2007;2931,44;2882,56;2930.43;0;;935690000
12.1.2007;2892,04;2866,76;2882.39;0;;1038536075
11.1.2007;2876,02;2834,9;2876.02;0;;1502866007
10.1.2007;2855,49;2818,94;2834.9;0;;1383045984
9.1.2007;2869,58;2840,32;2855.58;0;;1217821185
8.1.2007;2853,98;2829,11;2840.26;0;;1029034163
5.1.2007;2871,56;2824,33;2831.09;0;;1670377427
4.1.2007;2914,4;2852,58;2871.63;0;;1159246402
3.1.2007;2938,98;2892,09;2914.47;0;;1075078536
2.1.2007;2940,57;2909,74;2938.43;0;;524828390
29.12.2006;2921,95;2908,49;2910.49;0;;302601765
28.12.2006;2921,8;2907,62;2913.66;0;;362911633
27.12.2006;2919,37;2886,39;2919;0;;314300866
22.12.2006;2891,17;2882,12;2886.39;0;;529339551
21.12.2006;2902,29;2885,18;2888.8;0;;759713512
20.12.2006;2899,55;2881,1;2894.03;0;;713900922
19.12.2006;2911,36;2870,74;2878.81;0;;877287957
18.12.2006;2914,43;2894,5;2911.34;0;;881844350
15.12.2006;2900,96;2876,34;2899.11;0;;1278763132
14.12.2006;2885,83;2857,05;2876.61;0;;1051116185
13.12.2006;2877,62;2858,07;2876.21;0;;1052564689
12.12.2006;2867,47;2838,69;2867.47;0;;1145672546
11.12.2006;2850,87;2826,11;2843.55;0;;842484062
8.12.2006;2838;2801,46;2826.09;0;;813900258
7.12.2006;2840,22;2805,51;2838.22;0;;1131811297
5.12.2006;2811,79;2769,51;2811.29;0;;1089101229
4.12.2006;2779,7;2755,18;2769.11;0;;840981251
1.12.2006;2791,27;2749,77;2764.32;0;;1021108309
30.11.2006;2806,09;2771,46;2772.21;0;;1213037219
29.11.2006;2804,5;2750,77;2804.47;0;;1053616551
28.11.2006;2773,34;2735,75;2751.13;0;;1603544065
27.11.2006;2828,42;2767,69;2770.5;0;;1041698473
24.11.2006;2855,92;2816,58;2828.64;0;;1015616726
23.11.2006;2865,57;2847,24;2854.46;0;;743132561
22.11.2006;2865,94;2830,99;2851.45;0;;1418323512
21.11.2006;2833,91;2813,14;2830.97;0;;962832443
20.11.2006;2816;2788,81;2814.56;0;;841743619
17.11.2006;2841,34;2804,97;2813.56;;;916221747
16.11.2006;2846,26;2831,44;2838.53;;;849338508
15.11.2006;2842,17;2809,54;2842.04;;;1416329299
14.11.2006;2815,08;2791,43;2809.67;;;828448064
13.11.2006;2801,04;2784,6;2791.43;;;722712130
10.11.2006;2805,6;2780,8;2794.27;;;893874144
9.11.2006;2818,99;2776,11;2805.64;;;1251319228
8.11.2006;2778,33;2759,49;2776.11;0;;874223881
7.11.2006;2778,93;2754,6;2778.33;;;885755883
6.11.2006;2757,18;2715,45;2755.49;;;737613391
3.11.2006;2723,27;2704,59;2715.59;;;825405005
2.11.2006;2745,48;2695,36;2711.04;;;1075415521
1.11.2006;2755,54;2741,28;2745.19;;;902822093
31.10.2006;2757,95;2740,42;2752.84;;;968123008
30.10.2006;2758,2;2718,7;2744.27;;;894474809
27.10.2006;2763,38;2745,15;2758.2;;;1041806817
26.10.2006;2780,04;2746,8;2749.06;;;1310847730
25.10.2006;2763,61;2744,36;2746.8;;;1082895729
24.10.2006;2756,62;2745,29;2754.64;;;1103491121
23.10.2006;2749,9;2722,53;2746.72;;;884471602
20.10.2006;2750,92;2730,02;2740.39;;;1348361455
19.10.2006;2739,19;2716,85;2737.78;;;3733404925
18.10.2006;2747,49;2683,27;2734.55;0;;1701706995
17.10.2006;2719,01;2681,14;2686.04;;;969265203
16.10.2006;2718,69;2694,27;2717.56;;;719083323
13.10.2006;2705,76;2683,68;2694.27;;;784583551
12.10.2006;2692,1;2665,7;2691.73;;;988209046
11.10.2006;2668,45;2643,74;2667.05;;;1189288274
10.10.2006;2656,49;2622,25;2653.61;;;1142845508
9.10.2006;2623,95;2603,07;2622.29;;;553272273
6.10.2006;2614,45;2597,92;2607.58;;;897451503
5.10.2006;2607,62;2571,72;2606.89;;;996908922
4.10.2006;2585,49;2564,96;2571.86;;;958175117
3.10.2006;2589,15;2556,67;2578.04;;;1004864252
2.10.2006;2599,54;2574,53;2588.92;;;854175477
29.9.2006;2597,8;2583,16;2594.49;0;;902324743
28.9.2006;2589,06;2571,49;2589.02;;;995433929
27.9.2006;2579,77;2533,44;2575.14;;;1089719192
26.9.2006;2537,09;2503,97;2532.66;;;982294222
25.9.2006;2537,65;2496,83;2501.92;;;804789717
22.9.2006;2567,3;2531,78;2532.98;;;814255311
21.9.2006;2576,56;2558,25;2569.82;;;1090669386
20.9.2006;2560,93;2539,93;2560.86;;;1085913690
19.9.2006;2567,24;2546,49;2550.08;;;978997620
18.9.2006;2566,06;2550,19;2558.78;;;932246793
15.9.2006;2566,96;2542,25;2559.07;;;1673414060
14.9.2006;2569,5;2540,37;2553.4;;;1232234144
13.9.2006;2549,09;2531,96;2548.8;;;879971180
12.9.2006;2530,74;2497,71;2530.69;;;1361793256
11.9.2006;2515,65;2488,07;2498.7;;;743197346
8.9.2006;2522,7;2500,16;2516.12;0;;1086838028
7.9.2006;2529,64;2495,75;2500.83;;;1162393170
6.9.2006;2563,17;2526,84;2532.95;;;1447589012
5.9.2006;2575,79;2555,36;2563.17;;;1066087377
4.9.2006;2579,66;2560,79;2576.11;0;;652844317
1.9.2006;2568,67;2555,31;2560;;;1191429769
31.8.2006;2578,17;2556,64;2564.62;0;;843544970
30.8.2006;2582,08;2562,76;2578.44;0;;814098807
29.8.2006;2578,77;2553,2;2561.97;;;805881393
28.8.2006;2563,21;2535,24;2559.25;;;411168665
25.8.2006;2563,04;2545,66;2549.23;;;712666681
24.8.2006;2559,88;2545,4;2552.44;0;;813993424
23.8.2006;2584,14;2560,64;2560.82;;;845953397
22.8.2006;2574,02;2541,74;2571.09;;;796260651
21.8.2006;2546,57;2527,14;2541.52;;;639099288
18.8.2006;2544,3;2530,84;2534.54;;;854639477
17.8.2006;2546,64;2531,32;2540.06;;;984742341
16.8.2006;2546,25;2499,64;2535.54;;;1429848056
15.8.2006;2499,27;2473,51;2497.98;;;794422413
14.8.2006;2489,18;2466,61;2489.18;;;609903967
11.8.2006;2482,6;2464,01;2471.63;;;578458753
10.8.2006;2473,41;2445,36;2467.28;;;649314761
9.8.2006;2480,53;2441,29;2476.25;;;809009079
8.8.2006;2467,6;2446,73;2465.94;;;577441041
7.8.2006;2476,53;2443,15;2445.46;;;417260266
4.8.2006;2483,73;2453,15;2480.32;;;620471924
3.8.2006;2476,33;2446,54;2452.52;;;701405280
2.8.2006;2472,75;2457,67;2471.08;;;619195368
1.8.2006;2475,51;2453,25;2457.2;;;598748766
31.7.2006;2468,88;2454,07;2461.19;;;702158968
28.7.2006;2474,32;2446,3;2464.34;;;621682837
27.7.2006;2476,52;2439,24;2475.96;;;657502754
26.7.2006;2454,97;2432,28;2439.04;;;734879510
25.7.2006;2458,79;2440,6;2447.41;;;656248909
24.7.2006;2443,28;2400,35;2441.7;;;562793624
21.7.2006;2434,8;2403,01;2410.04;;;1110934206
20.7.2006;2436,22;2403,41;2433;;;2830086427
19.7.2006;2403,56;2328,96;2403.56;;;1045684143
18.7.2006;2355,79;2325,07;2325.07;;;793221796
17.7.2006;2371,54;2336;2342.02;;;678757126
14.7.2006;2385,25;2353,92;2361.1;;;634103257
13.7.2006;2448,08;2379,63;2386.89;;;965543259
12.7.2006;2463,05;2432,5;2448.53;;;619852245
11.7.2006;2445,55;2424,98;2430.26;;;668652987
10.7.2006;2448,5;2432,6;2447.33;;;538511351
7.7.2006;2455,5;2433,48;2444.44;;;720909312
6.7.2006;2463,99;2446,09;2455.31;;;709426339
5.7.2006;2465,31;2444,11;2445.87;;;561289340
4.7.2006;2466,54;2452,71;2466.36;;;312491034
3.7.2006;2459,87;2435,29;2459.87;;;470158077
30.6.2006;2447,12;2394,63;2441.08;;;1050456307
29.6.2006;2388,01;2330,47;2388.01;;;1009669861
28.6.2006;2343,03;2318,87;2328.7;;;905665811
27.6.2006;2372,83;2344,63;2344.73;;;619484389
26.6.2006;2378,31;2352,32;2355.95;;;601384549
22.6.2006;2378,53;2348,45;2358.51;;;798497254
21.6.2006;2346,93;2321,27;2345.95;;;748217836
20.6.2006;2341,78;2308,67;2334.04;;;781176904
19.6.2006;2346,63;2312,21;2333.15;;;1096128935
16.6.2006;2380,98;2305,08;2306.15;;;1313256257
15.6.2006;2329,4;2261,14;2326.08;;;981691649
14.6.2006;2269,04;2229,23;2258.63;;;1042937151
13.6.2006;2314,75;2220,92;2243.21;;;1227476001
12.6.2006;2361,13;2313,87;2319.02;;;815557518
9.6.2006;2384,9;2324,76;2355.1;;;959738298
8.6.2006;2390,42;2317,61;2318.29;;;1593454831
7.6.2006;2421,04;2387,71;2395.72;;;1098866381
6.6.2006;2474,39;2383,52;2391.36;;;1255853064
5.6.2006;2501,05;2474,61;2479.97;;;644211266
2.6.2006;2531,09;2489,85;2494.56;;;1162589855
1.6.2006;2487,73;2448,27;2485.59;;;931752504
31.5.2006;2473,74;2386,87;2460.48;;;1078286929
30.5.2006;2502,48;2436,18;2437.39;;;797614622
29.5.2006;2514,46;2488,02;2492.52;;;348801741
26.5.2006;2492,71;2413,55;2492.71;;;1037856395
24.5.2006;2455,73;2387,87;2409.14;;;1096526776
23.5.2006;2436,04;2332,39;2425.29;;;1563797845
22.5.2006;2434,15;2323,12;2329.89;;;1239651347
19.5.2006;2468,24;2426,4;2434.15;;;1137060320
18.5.2006;2493,92;2415,1;2442.45;;;1684937195
17.5.2006;2597,49;2486,68;2493.18;;;1825045941
16.5.2006;2583,84;2551,22;2574.37;0;;1293565524
15.5.2006;2604,76;2535,9;2571.8;0;;1475248035
12.5.2006;2683,97;2605,77;2605.94;0;;1457785058
11.5.2006;2721,09;2687,35;2687.35;;;1193444584
10.5.2006;2741,42;2709,17;2712.22;;;853499534
9.5.2006;2740,48;2720,49;2732.74;;;839261742
8.5.2006;2743,31;2718,72;2722.43;;;798594545
5.5.2006;2725,88;2710,64;2725.82;;;791522933
4.5.2006;2711,54;2679,02;2710.93;;;804548669
3.5.2006;2710,19;2677,64;2679.05;;;1074519558
2.5.2006;2698,13;2670,82;2696.15;;;884735973
28.4.2006;2700,45;2659,73;2668.35;;;1114345281
27.4.2006;2751,95;2686,46;2701.58;;;1324720085
26.4.2006;2762,52;2735,35;2751.41;;;1383768413
25.4.2006;2818,91;2753,63;2759.6;;;1483734432
24.4.2006;2795,05;2780,4;2787.76;;;1018504164
21.4.2006;2794,92;2763,57;2788.31;;;2038917669
20.4.2006;2774,36;2719,86;2761.8;;;3074848783
19.4.2006;2719,28;2681,59;2718.97;;;1115146450
18.4.2006;2686,35;2671,23;2678.37;;;994774912
13.4.2006;2684,48;2668,92;2682.97;;;672813344
12.4.2006;2690,24;2665,7;2673.08;;;1276325370
11.4.2006;2710,66;2688,85;2688.85;;;2233926546
10.4.2006;2702,78;2691,91;2698.86;;;592375774
7.4.2006;2723,66;2700,71;2703.54;;;766838444
6.4.2006;2724,49;2709,71;2716;;;940197189
5.4.2006;2720,45;2707,3;2716.6;;;1040651495
4.4.2006;2729,58;2707,41;2708.04;;;936516937
3.4.2006;2730,15;2713,06;2728.52;;;877449857
31.3.2006;2729,06;2704,17;2711.62;;;913039167
30.3.2006;2736,78;2691,2;2733.3;;;1940266813
29.3.2006;2690,95;2650,64;2689.27;;;865486503
28.3.2006;2698,29;2655,2;2661.76;;;1021666715
27.3.2006;2713,06;2697,57;2698.13;;;761763849
24.3.2006;2706,19;2687,91;2703.01;;;946941926
23.3.2006;2712,37;2686,95;2688.74;;;1135225307
22.3.2006;2738;2710;2711.14;;;993067080
21.3.2006;2743,56;2723,65;2741.38;;;1104931699
20.3.2006;2733,68;2718,22;2733.65;;;914054532
17.3.2006;2733,96;2705,04;2718.22;;;
16.3.2006;2708,26;2692,2;2707.1;;;
15.3.2006;2709,15;2688,6;2692.04;;;
14.3.2006;2696,72;2667,8;2696.41;;;
13.3.2006;2681,2;2667,58;2669.22;;;
10.3.2006;2665,73;2643,6;2665.73;;;
9.3.2006;2660,05;2613,51;2654.73;;;
8.3.2006;2616,52;2588,66;2609.66;;;
7.3.2006;2588,65;2576,3;2588.18;;;
6.3.2006;2591,15;2571,92;2588.1;;;
3.3.2006;2578,54;2563,2;2572.53;;;
2.3.2006;2596,07;2567,74;2570;;;
1.3.2006;2580,19;2563,99;2579.9;;;
28.2.2006;2619,64;2562,85;2568.09;;;
27.2.2006;2619,96;2606,78;2619.96;;;
24.2.2006;2612,09;2596,61;2611.95;;;
23.2.2006;2610,26;2594,68;2599.57;;;
22.2.2006;2597,26;2569,81;2594.12;;;
21.2.2006;2593,43;2561,81;2591.92;;;
20.2.2006;2562,03;2530,4;2561.33;;;
17.2.2006;2545,02;2523,09;2536.56;;;
16.2.2006;2538,66;2510,62;2523.09;;;
15.2.2006;2534,53;2498,79;2520.57;;;
14.2.2006;2496,25;2478,53;2495.74;;;
13.2.2006;2479,83;2461,28;2477.16;;;
10.2.2006;2479,97;2464,88;2470.33;;;
9.2.2006;2485,48;2459,73;2480.45;;;
8.2.2006;2468,12;2444,91;2458.12;;;
7.2.2006;2480,01;2461,64;2468.44;;;
6.2.2006;2469,73;2450,45;2468.9;;;
3.2.2006;2470,45;2447,04;2450.37;;;
2.2.2006;2469,23;2448,3;2456.33;;;
1.2.2006;2469,42;2425,26;2465.07;;;
31.1.2006;2439,56;2425,63;2430.26;;;
30.1.2006;2430,52;2416,11;2424.85;;;
27.1.2006;2421,21;2388,1;2418.59;;;
26.1.2006;2397,7;2378,26;2385.16;;;
25.1.2006;2382,16;2360,15;2380.62;;;
24.1.2006;2371,2;2357,62;2359.06;;;
23.1.2006;2369,59;2345,9;2362.23;;;
20.1.2006;2393,05;2370,96;2372.85;;;
19.1.2006;2382,04;2352,13;2375.5;;;
18.1.2006;2358,39;2326,62;2350.58;;;
17.1.2006;2376,24;2358,73;2363.19;;;
16.1.2006;2378,22;2364,33;2376.09;;;
13.1.2006;2383,59;2361,32;2368.52;;;
12.1.2006;2389,47;2373,39;2382.79;;;
11.1.2006;2381,1;2363,42;2380.85;;;
10.1.2006;2375,47;2360,37;2362.96;;;
9.1.2006;2385,57;2363,82;2376.09;;;
5.1.2006;2376,56;2354,87;2361.03;;;
4.1.2006;2370,26;2344,57;2369.52;;;
3.1.2006;2342,71;2310,58;2342.71;;;
2.1.2006;2315,26;2300,84;2312.99;;;
30.12.2005;2308,07;2298,02;2301.26;;;
29.12.2005;2309,87;2303,44;2309.15;;;
28.12.2005;2309,75;2301,17;2305.3;;;
27.12.2005;2311,04;2301,63;2310.99;;;
23.12.2005;2306,75;2286,91;2304.48;;;
22.12.2005;2294,93;2280,52;2287.07;;;
21.12.2005;2289,75;2271,24;2289.74;;;
20.12.2005;2278,63;2269,17;2273.99;;;
19.12.2005;2290,7;2272,55;2277.82;;;
16.12.2005;2290,54;2265,63;2290.54;;;
15.12.2005;2279,61;2265,02;2266.56;;;
14.12.2005;2278,66;2259,93;2276.98;;;
13.12.2005;2267,15;2254,49;2262.45;;;
12.12.2005;2279,56;2254,11;2258.28;;;
9.12.2005;2272,43;2264,08;2268.87;;;
8.12.2005;2277,14;2261,29;2268.49;;;
7.12.2005;2280,67;2237,75;2276.83;;;
5.12.2005;2248,06;2232,61;2236.82;;;
2.12.2005;2240,95;2223,55;2232.34;;;
1.12.2005;2220,82;2179,34;2218.9;;;
30.11.2005;2187,38;2174,51;2179.03;;;
29.11.2005;2197,65;2175,85;2180.8;;;
28.11.2005;2213,64;2197,46;2197.6;;;
25.11.2005;2212,25;2195,79;2209.17;;;
24.11.2005;2204,23;2187,87;2196.35;;;
23.11.2005;2199,95;2177,24;2197.34;;;
22.11.2005;2182,67;2172,82;2178.11;;;
21.11.2005;2182,32;2168,89;2173.33;;;
18.11.2005;2185,12;2165,8;2171.01;;;
17.11.2005;2171,58;2156,39;2171.58;;;
16.11.2005;2165,42;2152,04;2156.2;;;
15.11.2005;2192,13;2163,39;2165.28;;;
14.11.2005;2201,23;2189,08;2192.25;;;
11.11.2005;2189,37;2172,3;2188.61;;;
10.11.2005;2175,52;2162,25;2169.66;;;
9.11.2005;2167,74;2152,41;2163.73;;;
8.11.2005;2168,29;2150,11;2153.37;;;
7.11.2005;2170,48;2151,06;2157.77;;;
4.11.2005;2171,59;2152,88;2169.77;;;
3.11.2005;2156,31;2131,23;2154.62;;;
2.11.2005;;;2144.92;;;
1.11.2005;;;2142.81;;;
31.10.2005;2142,84;2093,75;2142.77;;;
28.10.2005;2091,72;2066,93;2090.8;;;
27.10.2005;2116,14;2088,19;2090.4;;;
26.10.2005;2116,47;2095,92;2116.42;;;
25.10.2005;2118,32;2094,89;2096.79;;;
24.10.2005;2095,59;2052,79;2095.4;;;
21.10.2005;2077,49;2045,8;2051.81;;;
20.10.2005;2131,88;2074,89;2079.29;;;
19.10.2005;2143,95;2087,64;2091.98;;;
18.10.2005;2159,58;2139,43;2145.24;;;
17.10.2005;2155,92;2141,66;2144.58;;;
14.10.2005;2157,1;2127,41;2142.11;;;
13.10.2005;2198,3;2148,98;2150.3;;;
12.10.2005;2210,92;2195,89;2197.58;;;
11.10.2005;2216,54;2206,59;2211.01;;;
10.10.2005;2232,06;2202,43;2207.88;;;
7.10.2005;2212,35;2199,12;2200.66;;;
6.10.2005;2237,05;2195,2;2208.19;;;
5.10.2005;2261,03;2239,89;2240.43;;;
4.10.2005;2274,69;2257,87;2262.65;;;
3.10.2005;2272,21;2261,68;2272.21;;;
30.9.2005;2266,48;2251,83;2263.41;;;
29.9.2005;2253,6;2245,11;2250.22;;;
28.9.2005;2253,69;2233,16;2246.26;;;
27.9.2005;2263,82;2245,22;2249.66;;;
26.9.2005;2263,25;2248,43;2254.33;;;
23.9.2005;2253,42;2241,31;2246.78;;;
22.9.2005;2250,94;2236,91;2250.33;;;
21.9.2005;2259,57;2242,19;2243.01;;;
20.9.2005;2261,57;2247,48;2261.35;;;
19.9.2005;2253,23;2232,84;2250.14;;;
16.9.2005;2239,96;2225,05;2235.37;;;
15.9.2005;2241,02;2228,87;2229.14;;;
14.9.2005;2245,27;2231,89;2233.98;;;
13.9.2005;2238,14;2212,29;2232.25;;;
12.9.2005;2216,77;2201,2;2212.29;;;
9.9.2005;2200,88;2188,44;2200.39;;;
8.9.2005;2197,78;2187,52;2187.79;;;
7.9.2005;2197,67;2182,75;2195.91;;;
6.9.2005;2184,86;2170,24;2183.98;;;
5.9.2005;2172,17;2164,58;2170.95;;;
2.9.2005;2179,58;2159,3;2165.79;;;
1.9.2005;2165,47;2149,38;2164.95;;;
31.8.2005;2147,92;2115,97;2147.61;;;
30.8.2005;2125,44;2101,23;2115.67;;;
29.8.2005;2100,87;2089,95;2100.59;;;
26.8.2005;2117,57;2100,82;2101.36;;;
25.8.2005;2120,6;2110,24;2112.22;;;
24.8.2005;2138,67;2121,25;2122.21;;;
23.8.2005;2146,11;2135,66;2136.49;;;
22.8.2005;2142,24;2131,13;2141.34;;;
19.8.2005;2132,07;2105,05;2131.13;;;
18.8.2005;2114,65;2104,32;2104.56;;;
17.8.2005;2119,73;2103,91;2106.51;;;
16.8.2005;;;2120.22;;;
15.8.2005;2147,35;2134,08;2135.44;;;
12.8.2005;2145,52;2137,13;2140.26;;;
11.8.2005;2148,17;2136,81;2136.81;;;
10.8.2005;2151,81;2131,64;2151.81;;;
9.8.2005;2138,41;2123,72;2131.96;;;
8.8.2005;;;2123.72;;;
5.8.2005;2123,66;2111,92;2112.97;;;
4.8.2005;2143,37;2116,49;2121.61;;;
3.8.2005;2136,99;2127,4;2132.06;;;
2.8.2005;2134,71;2124,49;2134.71;;;
1.8.2005;2140,09;2122,2;2126.04;;;
29.7.2005;2139,88;2112,78;2121.45;;;
28.7.2005;2147,29;2115,03;2132.17;;;
27.7.2005;2120,86;2090,2;2118.23;;;
26.7.2005;2095,15;2084,56;2089.54;;;
25.7.2005;;;2087.14;;;
22.7.2005;2090,03;2076,6;2086.97;;;
21.7.2005;2111,81;2074,85;2083.52;;;
20.7.2005;2110,83;2099,14;2108.54;;;
19.7.2005;2113,5;2084,94;2112.89;;;
18.7.2005;2095,36;2082,97;2083.82;;;
15.7.2005;2091,81;2075,91;2085.87;;;
14.7.2005;;;2077.51;;;
13.7.2005;2092,03;2077,14;2085.89;;;
12.7.2005;2093,99;2077,65;2086.62;;;
11.7.2005;2089,88;2075,48;2089.66;;;
8.7.2005;2076,35;2046,71;2073.24;;;
7.7.2005;2067,64;2009,52;2043.67;;;
6.7.2005;2066,72;2059,33;2066.02;;;
5.7.2005;2067,4;2053,16;2058.45;;;
4.7.2005;2072,07;2063,01;2067.24;;;
1.7.2005;2062,87;2046,98;2062.71;;;
30.6.2005;2062,47;2046,56;2052.86;;;
29.6.2005;2057,38;2037,28;2053.82;;;
28.6.2005;2036,76;2024,94;2035.51;;;
27.6.2005;2058,21;2019,87;2025.42;;;
23.6.2005;2068,38;2053,38;2063.98;;;
22.6.2005;2063,56;2051,91;2056.26;;;
21.6.2005;2059,43;2047,42;2051.91;;;
20.6.2005;2060,23;2048,01;2056.29;;;
17.6.2005;2063,52;2049,43;2058.38;;;
16.6.2005;2050,49;2033,55;2050.49;;;
15.6.2005;2045,93;2030,54;2032.6;;;
14.6.2005;2046,59;2024,73;2045.77;;;
13.6.2005;2032,72;2020,88;2029.74;;;
10.6.2005;2023,12;2004,66;2021.05;;;
9.6.2005;2010,75;2000,91;2002.9;;;
8.6.2005;2014,6;2003,56;2008.41;;;
7.6.2005;2011,47;1991,47;2011.34;;;
6.6.2005;1998,68;1985,87;1991.21;;;
3.6.2005;2012,97;1995,9;1999.1;;;
2.6.2005;2014,35;2005,54;2007.22;;;
1.6.2005;2008,71;1985,45;2008.26;;;
31.5.2005;;;1988.45;;;
30.5.2005;1982,41;1975,18;1981.13;;;
27.5.2005;1979,52;1966,53;1978.95;;;
26.5.2005;1968,88;1957,02;1966.38;;;
25.5.2005;1977,97;1958,27;1959.23;;;
24.5.2005;1973,84;1958,98;1972.85;;;
23.5.2005;1973,45;1956,54;1972.75;;;
20.5.2005;1960,54;1951,19;1956.87;;;
19.5.2005;1962,05;1951,7;1957.9;;;
18.5.2005;1957,38;1926,24;1953.17;;;
17.5.2005;1925,25;1918,63;1924.88;;;
16.5.2005;1924,29;1909,51;1921.7;;;
13.5.2005;1916,28;1901,7;1916.03;;;
12.5.2005;1909,5;1898,73;1902.3;;;
11.5.2005;1904,55;1895,65;1896.76;;;
10.5.2005;1910,83;1891,9;1898.77;;;
9.5.2005;1911,52;1898,1;1908.19;;;
6.5.2005;1905,32;1872,81;1904.24;;;
4.5.2005;1884,88;1867,59;1870.84;;;
3.5.2005;1875,06;1868,6;1873.61;;;
2.5.2005;1871,58;1856,15;1871.16;;;
29.4.2005;1861,13;1845,59;1853;;;
28.4.2005;1879,3;1849,19;1853.8;;;
27.4.2005;1900,11;1855,57;1860.13;;;
26.4.2005;1910,75;1888,88;1899.16;;;
25.4.2005;1910,81;1898,34;1910.75;;;
22.4.2005;1908,13;1889,23;1903.57;;;
21.4.2005;1900,16;1881,7;1885.6;;;
20.4.2005;1910,44;1893,86;1897.35;;;
19.4.2005;1900,51;1883,51;1891.27;;;
18.4.2005;1910,64;1873,92;1880.74;;;
15.4.2005;1949,73;1910,79;1913.4;;;
14.4.2005;1957,23;1945,58;1953.7;;;
13.4.2005;1964,68;1956,46;1958.96;;;
12.4.2005;1967,66;1952,56;1956.39;;;
11.4.2005;1978,79;1961,17;1967.66;;;
8.4.2005;1980,77;1964,97;1979.83;;;
7.4.2005;1974,63;1954,57;1968.77;;;
6.4.2005;1955,19;1944;1954.58;;;
5.4.2005;1948,17;1930,55;1945.03;;;
4.4.2005;1947,59;1923,21;1929;;;
1.4.2005;1956,02;1941,91;1949.18;;;
31.3.2005;1959,5;1945,77;1952.95;;;
30.3.2005;1954,06;1943,82;1945.18;;;
29.3.2005;1955,78;1939,11;1955.78;;;
24.3.2005;1944,28;1926,16;1942.57;;;
23.3.2005;1952,27;1924,16;1933.34;;;
22.3.2005;1965,3;1948,43;1953.83;;;
21.3.2005;1978,01;1959,57;1961.25;;;
18.3.2005;1979,67;1970,32;1972.47;;;
17.3.2005;1978,09;1965,15;1976.83;;;
16.3.2005;2004,44;1976,25;1976.27;;;
15.3.2005;2002,52;1987,7;2002.29;;;
14.3.2005;1993,4;1984,06;1989.51;;;
11.3.2005;1993,76;1981,52;1989.14;;;
10.3.2005;2001,15;1979,22;1980.43;;;
9.3.2005;2014,1;1999,29;1999.96;;;
8.3.2005;2015,88;1995,86;2001.95;;;
7.3.2005;2026,66;2012,75;2016.97;;;
4.3.2005;2012,9;1987,17;2012.59;;;
3.3.2005;1989,84;1974,97;1989.15;;;
2.3.2005;1976,71;1969,32;1976.06;;;
1.3.2005;1971,42;1956,32;1971.08;;;
28.2.2005;1970,73;1958,35;1962.91;;;
25.2.2005;1961,31;1947,97;1958.04;;;
24.2.2005;1948,18;1932,96;1944.86;;;
23.2.2005;1942,09;1930,77;1932.06;;;
22.2.2005;1950,07;1934,29;1943.95;;;
21.2.2005;1962,82;1947,77;1947.9;;;
18.2.2005;1960,92;1942,98;1959.61;;;
17.2.2005;1957,61;1945,29;1947.73;;;
16.2.2005;1948,75;1938,17;1948.75;;;
15.2.2005;1951,41;1930,7;1948.32;;;
14.2.2005;1943,88;1928,13;1932.99;;;
11.2.2005;1939,26;1910,69;1937.65;;;
10.2.2005;1927,84;1909,12;1910.07;;;
9.2.2005;1928,66;1916,58;1926.38;;;
8.2.2005;1924,65;1912,06;1917.77;;;
7.2.2005;1916,24;1896,45;1910.82;;;
4.2.2005;1899,27;1887,3;1895.36;;;
3.2.2005;1897,22;1865,86;1890.38;;;
2.2.2005;1867,54;1848,66;1866.17;;;
1.2.2005;1848,23;1821,39;1848.23;;;
31.1.2005;1828,87;1817,29;1828.62;;;
28.1.2005;1836,3;1814,68;1815.72;;;
27.1.2005;1835,51;1815,04;1830.18;;;
26.1.2005;1821,59;1809,05;1818.03;;;
25.1.2005;1819,79;1802,68;1816.46;;;
24.1.2005;1821,88;1802,76;1809.08;;;
21.1.2005;1824,37;1814,89;1821.88;;;
20.1.2005;1841,23;1814,94;1817.13;;;
19.1.2005;1856,15;1842,72;1845.95;;;
18.1.2005;1851,63;1842,25;1851.47;;;
17.1.2005;1851,48;1837,61;1851.33;;;
14.1.2005;1837,18;1827,47;1836.2;;;
13.1.2005;1835,85;1823,06;1832.16;;;
12.1.2005;1843,78;1817,24;1821.92;;;
11.1.2005;1860,34;1837,28;1840.85;;;
10.1.2005;1859,79;1850,1;1857.64;;;
7.1.2005;1852,54;1830,37;1850.58;;;
5.1.2005;1843,52;1829,71;1829.71;;;
4.1.2005;1849,48;1839,5;1844.32;;;
3.1.2005;1854,83;1830,98;1841.55;;;
30.12.2004;1832,66;1827,08;1830.98;;;
29.12.2004;1836,22;1827,03;1829.03;;;
28.12.2004;1837,89;1824,88;1832.6;;;
27.12.2004;1839,52;1833,53;1837.74;;;
23.12.2004;1840,67;1833,88;1840.21;;;
22.12.2004;1841,3;1831,95;1841.3;;;
21.12.2004;1833,07;1818,14;1829.8;;;
20.12.2004;1820,79;1794,9;1818.85;;;
17.12.2004;1812,74;1787,51;1794.18;;;
16.12.2004;1812,91;1803,6;1809.04;;;
15.12.2004;1820,49;1803,81;1804.03;;;
14.12.2004;1829,52;1813,08;1816.45;;;
13.12.2004;1828,71;1813,16;1818.7;;;
10.12.2004;1828,93;1816,17;1825.16;;;
9.12.2004;1840,71;1815,78;1824.32;;;
8.12.2004;1865,65;1838,36;1839.65;;;
7.12.2004;1869,6;1854,56;1867.79;;;
3.12.2004;1862,73;1851,15;1857.02;;;
2.12.2004;1859,83;1851,13;1858.65;;;
1.12.2004;1855,66;1841,28;1855.66;;;
30.11.2004;1864,49;1854,18;1856.15;;;
29.11.2004;1872,56;1856,65;1859.49;;;
26.11.2004;1859,02;1847,66;1857.7;;;
25.11.2004;1855,01;1833,07;1852.13;;;
24.11.2004;1833,19;1825,04;1832.78;;;
23.11.2004;1829,98;1812,56;1823.61;;;
22.11.2004;1819,45;1802,66;1811.7;;;
19.11.2004;1832;1818,83;1821.02;;;
18.11.2004;1829,71;1817,33;1827.72;;;
17.11.2004;1826,93;1808,47;1826.85;;;
16.11.2004;1822,99;1803,96;1807.47;;;
15.11.2004;1829,83;1815,64;1819.68;;;
12.11.2004;1828,1;1816,26;1820.33;;;
11.11.2004;1821,23;1797,87;1817.12;;;
10.11.2004;1801,73;1774,95;1799.38;;;
9.11.2004;1780,12;1767,78;1776.04;;;
8.11.2004;1772,5;1768,28;1769.71;;;
5.11.2004;1779,94;1767,9;1771.09;;;
4.11.2004;1767,84;1759,28;1764.18;;;
3.11.2004;1769,85;1761,19;1764.7;;;
2.11.2004;1764,04;1754,15;1761.64;;;
1.11.2004;1756,91;1732,36;1756.91;;;
29.10.2004;1737,53;1731,75;1736.24;;;
28.10.2004;1742,37;1724,04;1729.54;;;
27.10.2004;1730,55;1709,07;1730.55;;;
26.10.2004;1711,9;1705,11;1707.56;;;
25.10.2004;1725,4;1705,06;1708.42;;;
22.10.2004;1733,22;1715,12;1729.26;;;
21.10.2004;1718,79;1704,63;1717.77;;;
20.10.2004;1735,3;1706,48;1709.16;;;
19.10.2004;1743,74;1715,12;1738.98;;;
18.10.2004;1718,24;1709,02;1711.1;;;
15.10.2004;1714,6;1706,43;1714.6;;;
14.10.2004;1717,22;1699,83;1711.91;;;
13.10.2004;1719,29;1705;1718.22;;;
12.10.2004;1717,16;1699,67;1704;;;
11.10.2004;1717,33;1701,99;1717.33;;;
8.10.2004;1714,06;1702,72;1708.83;;;
7.10.2004;1716,15;1705,82;1709.64;;;
6.10.2004;1707,94;1693,98;1704.93;;;
5.10.2004;1715,23;1701,78;1706.97;;;
4.10.2004;1715,08;1694,65;1710.35;;;
1.10.2004;1694,4;1666,91;1693.14;;;
30.9.2004;1680,37;1663,8;1666.24;;;
29.9.2004;1665,31;1642,19;1663.3;;;
28.9.2004;1643,28;1632,36;1641.63;;;
27.9.2004;1650,62;1633,97;1640.1;;;
24.9.2004;1652,71;1643,5;1650.28;;;
23.9.2004;1660,01;1642;1648.19;;;
22.9.2004;1669,21;1658,16;1659.41;;;
21.9.2004;1673,48;1665;1668.21;;;
20.9.2004;1670,15;1659,75;1669.41;;;
17.9.2004;1670,94;1663,36;1669.86;;;
16.9.2004;1665,33;1654,38;1663.62;;;
15.9.2004;1671,86;1659,23;1661.43;;;
14.9.2004;1676,04;1662,54;1665.88;;;
13.9.2004;1672,45;1660,5;1667.85;;;
10.9.2004;1662,52;1654,54;1660.92;;;
9.9.2004;1661,19;1632,02;1655.94;;;
8.9.2004;1650,23;1639,43;1642.92;;;
7.9.2004;1648,44;1638,96;1646.42;;;
6.9.2004;1645,45;1637,36;1642.81;;;
3.9.2004;1640,03;1625,52;1638.66;;;
2.9.2004;1633,04;1621,88;1629.84;;;
1.9.2004;1630,1;1619,52;1626.17;;;
31.8.2004;1629,91;1617,15;1621.38;;;
30.8.2004;1631,43;1625,87;1629.06;;;
27.8.2004;1630,88;1618,72;1628.76;;;
26.8.2004;1629,86;1614,18;1624.34;;;
25.8.2004;1622;1613,53;1614.18;;;
24.8.2004;1623,32;1614,6;1619.19;;;
23.8.2004;1618,46;1596,17;1617.23;;;
20.8.2004;1597,95;1587,99;1596.17;;;
19.8.2004;1597,9;1589,63;1597.14;;;
18.8.2004;1592,99;1582;1589.91;;;
17.8.2004;1590,08;1572,28;1589.46;;;
16.8.2004;1578,64;1563,93;1572.54;;;
13.8.2004;1569,66;1557,65;1566.28;;;
12.8.2004;1585,39;1562,56;1563.53;;;
11.8.2004;1585,58;1568,37;1571.46;;;
10.8.2004;1580,39;1561,9;1578.81;;;
9.8.2004;1586,89;1560,65;1564.1;;;
6.8.2004;1612,56;1577,99;1579.87;;;
5.8.2004;1615,33;1604,12;1609.85;;;
4.8.2004;1619,98;1603,54;1610.04;;;
3.8.2004;1620,64;1612,02;1619.42;;;
2.8.2004;1614,67;1602,65;1612.02;;;
30.7.2004;1616,44;1599,96;1607.08;;;
29.7.2004;1601,99;1584,91;1601.13;;;
28.7.2004;1594,62;1567,95;1585.46;;;
27.7.2004;1570,58;1553,75;1567.95;;;
26.7.2004;1557,94;1546,88;1555.48;;;
23.7.2004;1557,64;1546,64;1547.97;;;
22.7.2004;1575,26;1547,81;1551.5;;;
21.7.2004;1575,77;1559,09;1575.26;;;
20.7.2004;1560,39;1546,07;1559.09;;;
19.7.2004;1568,12;1549,73;1550.01;;;
16.7.2004;1570,72;1557,45;1567.47;;;
15.7.2004;1594,8;1550,66;1560.93;;;
14.7.2004;1595,98;1583,78;1590.23;;;
13.7.2004;1603,14;1593,08;1595.98;;;
12.7.2004;1612;1593,68;1599.03;;;
9.7.2004;1612,69;1598,3;1610.4;;;
8.7.2004;1613,15;1599,63;1611.35;;;
7.7.2004;1610,14;1596,42;1602.06;;;
6.7.2004;1616,48;1596,57;1602.75;;;
5.7.2004;1616,14;1607,47;1614.04;;;
2.7.2004;1622,48;1608,21;1609.8;;;
1.7.2004;1636,68;1617,52;1619.59;;;
30.6.2004;1634,25;1623,64;1626.09;;;
29.6.2004;1625,91;1609,08;1625.28;;;
28.6.2004;1620,53;1604,22;1618.86;;;
24.6.2004;1611,1;1593,13;1609.22;;;
23.6.2004;1595,13;1583,39;1593.13;;;
22.6.2004;1590,88;1582,24;1583.39;;;
21.6.2004;1592,74;1585,4;1590.5;;;
18.6.2004;1588,53;1575,04;1585.73;;;
17.6.2004;1582,82;1573,93;1578.63;;;
16.6.2004;1589,33;1579,08;1580.62;;;
15.6.2004;1589,33;1577,22;1586.06;;;
14.6.2004;1599,59;1580,16;1584.09;;;
11.6.2004;1602,43;1594,61;1598.52;;;
10.6.2004;1599,14;1591,18;1594.61;;;
9.6.2004;1605,95;1592,01;1595.92;;;
8.6.2004;1601,32;1589,43;1595.15;;;
7.6.2004;1595,77;1579,1;1595.16;;;
4.6.2004;1581,67;1564,43;1579.1;;;
3.6.2004;1566,43;1551,91;1564.56;;;
2.6.2004;1565,13;1551,09;1559.27;;;
1.6.2004;1555,09;1543,95;1552.84;;;
31.5.2004;1560,44;1549,95;1551.55;;;
28.5.2004;1557,92;1543,85;1556.64;;;
27.5.2004;1552,34;1537,32;1551.53;;;
26.5.2004;1551,08;1530,65;1537.4;;;
25.5.2004;1555,23;1528,5;1531.69;;;
24.5.2004;1556,83;1540,54;1554.41;;;
21.5.2004;1546,67;1534,4;1540.82;;;
19.5.2004;1550,56;1522,78;1546.46;;;
18.5.2004;1527,73;1510,11;1522.78;;;
17.5.2004;1531,27;1499,74;1510.11;;;
14.5.2004;1551,36;1530,03;1530.89;;;
13.5.2004;1552,5;1537,22;1544.89;;;
12.5.2004;1567,08;1539,95;1542.49;;;
11.5.2004;1562,07;1534,57;1560.88;;;
10.5.2004;1577,75;1526,98;1534.57;;;
7.5.2004;1580,74;1568,62;1577.47;;;
6.5.2004;1599,3;1573,93;1574.9;;;
5.5.2004;1598,32;1579,64;1595.9;;;
4.5.2004;1597,99;1577,73;1584.35;;;
3.5.2004;1601,09;1588,19;1594.9;;;
30.4.2004;1610,67;1586,46;1601.09;;;
29.4.2004;1641,07;1603,44;1609.37;;;
28.4.2004;1668,69;1639,34;1641.07;;;
27.4.2004;1678,42;1663,03;1667.3;;;
26.4.2004;1673,21;1650,23;1666.51;;;
23.4.2004;1668,41;1650,59;1650.61;;;
22.4.2004;1655,83;1616,66;1652.81;;;
21.4.2004;1638,4;1615,61;1616.66;;;
20.4.2004;1639,26;1611,17;1634.16;;;
19.4.2004;1617,32;1601,88;1611.91;;;
16.4.2004;1624,94;1595,81;1603.86;;;
15.4.2004;1637,57;1615,18;1617.76;;;
14.4.2004;1642,73;1622,19;1627.87;;;
13.4.2004;1649,18;1628,76;1642.73;;;
8.4.2004;1636,7;1618,78;1629.86;;;
7.4.2004;1644,52;1630,41;1635.54;;;
6.4.2004;1683,91;1637,41;1643.23;;;
5.4.2004;1678,32;1666,54;1672.81;;;
2.4.2004;1671,23;1630,66;1668.86;;;
1.4.2004;1636,23;1610,8;1630.82;;;
31.3.2004;1619,69;1606,48;1617.56;;;
30.3.2004;1610,66;1602,17;1607.09;;;
29.3.2004;1605,69;1585,11;1608.21;;;
26.3.2004;1608,59;1593,98;1595.84;;;
25.3.2004;1608,32;1588,73;1605.56;;;
24.3.2004;1602,37;1587,15;1597.68;;;
23.3.2004;1599,65;1577,8;1591.6;;;
22.3.2004;1603,01;1579;1580.24;;;
19.3.2004;1616,55;1597,9;1600.68;;;
18.3.2004;1638,01;1610,88;1614.08;;;
17.3.2004;1641,08;1616,23;1635.24;;;
16.3.2004;1625,91;1612,52;1616.23;;;
15.3.2004;1657,63;1620,69;1625.74;;;
12.3.2004;1653,34;1635,21;1646.51;;;
11.3.2004;1684,12;1636,45;1653.34;;;
10.3.2004;1699,8;1680,58;1684.12;;;
9.3.2004;1715,28;1694,58;1697.45;;;
8.3.2004;1717,66;1701,32;1715.08;;;
5.3.2004;1716,64;1695,49;1701.92;;;
4.3.2004;1707,5;1695,01;1704.26;;;
3.3.2004;1707,92;1688,24;1696.4;;;
2.3.2004;1691,2;1671,88;1688.3;;;
1.3.2004;1672,76;1654,08;1671.88;;;
27.2.2004;1668,7;1654,22;1658.37;;;
26.2.2004;1663,07;1652,61;1656.55;;;
25.2.2004;1662,13;1653,4;1654.46;;;
24.2.2004;1673,46;1654,11;1660.41;;;
23.2.2004;1678,46;1656,94;1670.97;;;
20.2.2004;1664,81;1653,42;1657.24;;;
19.2.2004;1668,64;1637,95;1664.33;;;
18.2.2004;1643,94;1632,5;1637.95;;;
17.2.2004;1636,36;1622,73;1633.67;;;
16.2.2004;1626,14;1618,93;1623.3;;;
13.2.2004;1634,07;1619,11;1620.25;;;
12.2.2004;1634,14;1612,84;1627.84;;;
11.2.2004;1622,96;1603,67;1612.84;;;
10.2.2004;1623,03;1604,94;1622.38;;;
9.2.2004;1609,26;1587,99;1606.73;;;
6.2.2004;1600,61;1583,21;1587.99;;;
5.2.2004;1594,37;1578,96;1585.5;;;
4.2.2004;1584,23;1576,81;1580.42;;;
3.2.2004;1587,52;1577,57;1580.58;;;
2.2.2004;1592,69;1579,06;1581.93;;;
30.1.2004;1599,89;1579,37;1588.13;;;
29.1.2004;1604,2;1585,82;1591.55;;;
28.1.2004;1616,76;1600,27;1604.13;;;
27.1.2004;1620,81;1604,08;1613.94;;;
26.1.2004;1610,32;1597,26;1604.08;;;
23.1.2004;1607,01;1595,31;1603.58;;;
22.1.2004;1606,47;1583,66;1603.95;;;
21.1.2004;1605,84;1581,8;1583.66;;;
20.1.2004;1632,55;1603,82;1603.82;;;
19.1.2004;1629,95;1616,18;1627.3;;;
16.1.2004;1618,63;1598,09;1616.18;;;
15.1.2004;1603,37;1584,35;1598.22;;;
14.1.2004;1593,06;1571,75;1587.28;;;
13.1.2004;1597,66;1572,24;1575.7;;;
12.1.2004;1590,69;1572,31;1585.44;;;
9.1.2004;1609,44;1581,05;1582.38;;;
8.1.2004;1607,36;1574,5;1594.55;;;
7.1.2004;1590,54;1572,54;1575.5;;;
5.1.2004;1580,45;1563,06;1579.66;;;
2.1.2004;1567,87;1530,98;1564.3;;;
30.12.2003;1539,97;1527,68;1530.98;;;
29.12.2003;1529,27;1513,86;1527.68;;;
23.12.2003;1522,88;1503,13;1521.5;;;
22.12.2003;1519,33;1499,81;1503.13;;;
19.12.2003;1521,08;1509,42;1513.35;;;
18.12.2003;1524,74;1507,51;1514.38;;;
17.12.2003;1537,88;1513,07;1521.2;;;
16.12.2003;1559,18;1527,59;1531.3;;;
15.12.2003;1579,22;1550,97;1558.23;;;
12.12.2003;1569,76;1558,07;1562.75;;;
11.12.2003;1572,36;1552,67;1558.07;;;
10.12.2003;1575,38;1560,16;1564.49;;;
9.12.2003;1578,99;1564,49;1568.89;;;
8.12.2003;1570,51;1557,17;1564.49;;;
5.12.2003;1576,96;1565,64;1567.1;;;
4.12.2003;1573,73;1565,41;1565.64;;;
3.12.2003;1573,13;1562,47;1566.51;;;
2.12.2003;1575,36;1560,68;1562.6;;;
1.12.2003;1569,93;1552,25;1560.68;;;
28.11.2003;1569,02;1547,74;1553.4;;;
27.11.2003;1563,53;1548,99;1561.36;;;
26.11.2003;1565,81;1548,34;1549.4;;;
25.11.2003;1565,01;1553,76;1554.94;;;
24.11.2003;1559,82;1533,76;1556.98;;;
21.11.2003;1540,43;1525,53;1533.84;;;
20.11.2003;1535,95;1516,22;1527.11;;;
19.11.2003;1527,91;1506,53;1522.75;;;
18.11.2003;1545,35;1525,03;1527.26;;;
17.11.2003;1562,48;1533,01;1533.34;;;
14.11.2003;1567,72;1555,19;1562.48;;;
13.11.2003;1561,32;1544,73;1557.89;;;
12.11.2003;1545,32;1534,79;1544.94;;;
11.11.2003;1550,53;1533,25;1534.79;;;
10.11.2003;1553,03;1543,6;1548.4;;;
7.11.2003;1556,37;1531,61;1548.17;;;
6.11.2003;1533,51;1512,54;1531.61;;;
5.11.2003;1532,19;1511,28;1512.54;;;
4.11.2003;1562,14;1532,95;1529.12;;;
3.11.2003;1535,68;1510,5;1532.95;;;
31.10.2003;1516,05;1502,09;1510.5;;;
30.10.2003;1516,98;1491,54;1511.24;;;
29.10.2003;1503,51;1492;1499.38;;;
28.10.2003;1494,76;1461,61;1492.07;;;
27.10.2003;1464,64;1456,81;1461.61;;;
24.10.2003;1462,75;1456,87;1459.73;;;
23.10.2003;1463,27;1433,7;1458.79;;;
22.10.2003;1472,09;1445,27;1452.27;;;
21.10.2003;1472,81;1458,15;1466.08;;;
20.10.2003;1470,81;1455,49;1458.4;;;
17.10.2003;1471,57;1453,09;1465.8;;;
16.10.2003;1470,52;1451,22;1453.09;;;
15.10.2003;1471,95;1441,31;1466.77;;;
14.10.2003;1446;1436,47;1441.49;;;
13.10.2003;1442,13;1428,08;1442.13;;;
10.10.2003;1440,63;1427,83;1428.34;;;
9.10.2003;1440,44;1411,04;1436.82;;;
8.10.2003;1417,78;1393,93;1411.75;;;
7.10.2003;1410,72;1391,96;1402.39;;;
6.10.2003;1416,09;1402,01;1407.95;;;
3.10.2003;1412,3;1379,42;1408.98;;;
2.10.2003;1392,67;1375,33;1379.42;;;
1.10.2003;1383,41;1362,44;1375.33;;;
30.9.2003;1408,6;1374,01;1376.44;;;
29.9.2003;1408,68;1387;1397.62;;;
26.9.2003;1392,38;1372,92;1387.69;;;
25.9.2003;1417,68;1384,49;1385.11;;;
24.9.2003;1421,86;1407,93;1417.68;;;
23.9.2003;1414,96;1394,04;1411.68;;;
22.9.2003;1431,65;1395,92;1401.9;;;
19.9.2003;1442,66;1426,17;1431.04;;;
18.9.2003;1445,82;1424,85;1430.72;;;
17.9.2003;1455,71;1435,18;1439.7;;;
16.9.2003;1441,27;1422,64;1437.47;;;
15.9.2003;1442,47;1427,14;1430.24;;;
12.9.2003;1446,98;1428,83;1433.12;;;
11.9.2003;1431,24;1405,9;1428.83;;;
10.9.2003;1457,96;1413,71;1415.4;;;
9.9.2003;1482,94;1451,05;1451.77;;;
8.9.2003;1474,87;1453,73;1471.13;;;
5.9.2003;1472,38;1446,78;1453.73;;;
4.9.2003;1478,56;1463,15;1465.69;;;
3.9.2003;1474,4;1440,49;1472.43;;;
2.9.2003;1445,43;1432,06;1440.49;;;
1.9.2003;1432,79;1413,11;1432.62;;;
29.8.2003;1418,43;1404,59;1413.19;;;
28.8.2003;1412,87;1401,06;1404.76;;;
27.8.2003;1402,88;1380,3;1401.26;;;
26.8.2003;1412,2;1380,62;1380.74;;;
25.8.2003;1422,04;1405,83;1409.52;;;
22.8.2003;1424,19;1406,06;1420.81;;;
21.8.2003;1416,85;1385,1;1414.57;;;
20.8.2003;1386,92;1372,57;1385.1;;;
19.8.2003;1381,21;1351,98;1377.44;;;
18.8.2003;1355,77;1339,82;1352.28;;;
15.8.2003;1341,33;1335;1340.25;;;
14.8.2003;1338,22;1322,82;1337.8;;;
13.8.2003;1327,36;1316,02;1322.82;;;
12.8.2003;1319,56;1303,5;1318.48;;;
11.8.2003;1307,17;1295,51;1303.5;;;
8.8.2003;1300,24;1285,26;1295.66;;;
7.8.2003;1298,28;1282,85;1285.36;;;
6.8.2003;1315,54;1291,37;1293.81;;;
5.8.2003;1321,3;1311,91;1315.54;;;
4.8.2003;1323,7;1310,8;1311.91;;;
1.8.2003;1328,44;1316,64;1318.06;;;
31.7.2003;1329,23;1314,35;1322.97;;;
30.7.2003;1321,79;1314,12;1317.06;;;
29.7.2003;1326,06;1312,61;1314.42;;;
28.7.2003;1323,55;1309,55;1317.16;;;
25.7.2003;1313,11;1298,57;1309.55;;;
24.7.2003;1311,45;1290,02;1307.27;;;
23.7.2003;1302,91;1288,69;1290.02;;;
22.7.2003;1304,66;1283,64;1289.13;;;
21.7.2003;1319,86;1299,49;1303.35;;;
18.7.2003;1318,62;1295,76;1313.21;;;
17.7.2003;1337,31;1299,93;1303.55;;;
16.7.2003;1341,47;1331,94;1335.23;;;
15.7.2003;1339,2;1332,1;1334.96;;;
14.7.2003;1340,45;1311,96;1337.37;;;
11.7.2003;1317,01;1303,49;1312.32;;;
10.7.2003;1326,39;1305,51;1309.79;;;
9.7.2003;1329,36;1315,78;1316.67;;;
8.7.2003;1325,65;1308,53;1321.88;;;
7.7.2003;1322,86;1272,61;1314.55;;;
4.7.2003;1276,69;1253,59;1272.84;;;
3.7.2003;1260,63;1251,24;1258.89;;;
2.7.2003;1254,64;1235,09;1252.77;;;
1.7.2003;1255,3;1231,79;1235.09;;;
30.6.2003;1265,54;1252,01;1255.3;;;
27.6.2003;1266,34;1238,28;1265.54;;;
26.6.2003;1244,21;1235,16;1239.44;;;
25.6.2003;1241,83;1228,36;1236.71;;;
24.6.2003;1264,97;1227,68;1229.34;;;
23.6.2003;1274,52;1261,23;1264.81;;;
19.6.2003;1278,76;1270,27;1274.52;;;
18.6.2003;1279,72;1269,88;1276.48;;;
17.6.2003;1279,04;1257,37;1274.27;;;
16.6.2003;1261,68;1246,28;1257.37;;;
13.6.2003;1271,87;1253,59;1259.5;;;
12.6.2003;1275,34;1261,17;1264.55;;;
11.6.2003;1269,79;1255,33;1267.99;;;
10.6.2003;1260,85;1252,63;1256.06;;;
9.6.2003;1264,15;1249,73;1254.18;;;
6.6.2003;1275,53;1239,95;1264.15;;;
5.6.2003;1249,14;1237,33;1240.36;;;
4.6.2003;1243,81;1229,53;1241.65;;;
3.6.2003;1235,04;1225,88;1229.53;;;
2.6.2003;1242,48;1219,65;1234.52;;;
30.5.2003;1224,63;1214,15;1219.67;;;
28.5.2003;1220,88;1191,93;1217.79;;;
27.5.2003;1198,88;1181,53;1192.12;;;
26.5.2003;1198,89;1188,85;1190.83;;;
23.5.2003;1206,25;1192,18;1193.76;;;
22.5.2003;1204,5;1191,84;1201.7;;;
21.5.2003;1214,82;1190,92;1194.16;;;
20.5.2003;1222,92;1205,53;1211.34;;;
19.5.2003;1235,57;1209,57;1220.83;;;
16.5.2003;1248,66;1231,79;1235.42;;;
15.5.2003;1241,39;1229,46;1237.72;;;
14.5.2003;1239,02;1227,83;1229.93;;;
13.5.2003;1237,49;1225,66;1234.37;;;
12.5.2003;1240,66;1222,6;1225.96;;;
9.5.2003;1234,99;1219,58;1224.4;;;
8.5.2003;1259,22;1227,29;1233.32;;;
7.5.2003;1260,54;1242,06;1245.9;;;
6.5.2003;1257,97;1242,62;1254.68;;;
5.5.2003;1254,11;1233,51;1247.11;;;
2.5.2003;1241,81;1224,62;1234.74;;;
30.4.2003;1245,27;1229,86;1241.74;;;
29.4.2003;1241,1;1225,1;1232.89;;;
28.4.2003;1230,18;1200,79;1225.28;;;
25.4.2003;1230,22;1205,83;1209.54;;;
24.4.2003;1243,89;1223,89;1228.98;;;
23.4.2003;1234,92;1205,02;1229.29;;;
22.4.2003;1209,35;1198,34;1205.78;;;
17.4.2003;1206,6;1178,44;1202.58;;;
16.4.2003;1202,45;1186,15;1191.01;;;
15.4.2003;1193,6;1169,85;1190.13;;;
14.4.2003;1177,79;1163,58;1170.55;;;
11.4.2003;1181,73;1163,36;1173.05;;;
10.4.2003;1177,7;1157,17;1163.36;;;
9.4.2003;1180,33;1162,34;1177.69;;;
8.4.2003;1196,89;1175,08;1176.15;;;
7.4.2003;1199,92;1163,62;1195.76;;;
4.4.2003;1181,32;1148,2;1165.05;;;
3.4.2003;1188,41;1166,36;1181.32;;;
2.4.2003;1174,06;1127,57;1167.95;;;
1.4.2003;1131,66;1104,84;1127.57;;;
31.3.2003;1153,44;1106,8;1107.38;;;
28.3.2003;1171,01;1151;1153.44;;;
27.3.2003;1184,81;1163,03;1169.03;;;
26.3.2003;1195,89;1177,86;1181.67;;;
25.3.2003;1192,55;1168,94;1181.57;;;
24.3.2003;1225,01;1187,42;1191.23;;;
21.3.2003;1228,05;1191,54;1223.84;;;
20.3.2003;1215,2;1191,09;1196.33;;;
19.3.2003;1217,09;1194,99;1213.27;;;
18.3.2003;1226,37;1181,02;1206.08;;;
17.3.2003;1190,96;1139,7;1181.02;;;
14.3.2003;1164,82;1121,31;1160.51;;;
13.3.2003;1128,16;1104,78;1121.45;;;
12.3.2003;1117,85;1099,51;1104.96;;;
11.3.2003;1107,15;1088,04;1103.72;;;
10.3.2003;1120,5;1097,54;1100.38;;;
7.3.2003;1134,45;1104,49;1106.08;;;
6.3.2003;1144,71;1129,95;1133.13;;;
5.3.2003;1151,2;1134,99;1139.15;;;
4.3.2003;1169,1;1147,28;1149.8;;;
3.3.2003;1185,27;1163,98;1164.99;;;
28.2.2003;1176,82;1152,69;1168.09;;;
27.2.2003;1157,68;1136,43;1152.78;;;
26.2.2003;1168,41;1148,04;1153.33;;;
25.2.2003;1194,16;1154,36;1160.66;;;
24.2.2003;1194,71;1182,48;1194.16;;;
21.2.2003;1198,29;1182,35;1184.65;;;
20.2.2003;1222,86;1192,89;1194.27;;;
19.2.2003;1239,49;1213,95;1219.59;;;
18.2.2003;1239,81;1221,42;1238.86;;;
17.2.2003;1236,34;1206,49;1232.61;;;
14.2.2003;1211,66;1194,61;1206.49;;;
13.2.2003;1212,99;1192,31;1194.61;;;
12.2.2003;1220,29;1208,38;1210.97;;;
11.2.2003;1225,57;1204,71;1219.47;;;
10.2.2003;1216,07;1201,2;1204.71;;;
7.2.2003;1222,37;1204,56;1205.5;;;
6.2.2003;1224,95;1202,66;1211.34;;;
5.2.2003;1227,35;1205,28;1218.86;;;
4.2.2003;1239,06;1213,71;1220.58;;;
3.2.2003;1236,2;1214,11;1235.55;;;
31.1.2003;1225,95;1203,81;1214.23;;;
30.1.2003;1254,74;1222,05;1225.95;;;
29.1.2003;1256,04;1232,52;1236.59;;;
28.1.2003;1272,64;1247,61;1250.45;;;
27.1.2003;1303,1;1261,4;1268.8;;;
24.1.2003;1309,12;1294,9;1302.72;;;
23.1.2003;1326,6;1299,85;1305;;;
22.1.2003;1328,58;1306,08;1317.83;;;
21.1.2003;1345,74;1322,84;1327.04;;;
20.1.2003;1337,05;1320,82;1335.37;;;
17.1.2003;1343,36;1320,27;1327.83;;;
16.1.2003;1348,12;1333,51;1343.36;;;
15.1.2003;1365,64;1343,62;1345.31;;;
14.1.2003;1361,74;1343,71;1358.43;;;
13.1.2003;1351,68;1325,86;1344.8;;;
10.1.2003;1328,5;1316,37;1325.86;;;
9.1.2003;1322,76;1301,5;1320.6;;;
8.1.2003;1345,65;1312,34;1313.97;;;
7.1.2003;1370,24;1338,64;1340.09;;;
3.1.2003;1358,29;1337,1;1348.32;;;
2.1.2003;1339,7;1292,48;1337.1;;;
30.12.2002;1297,14;1273,48;1293.16;;;
27.12.2002;1297,14;1276,12;1278.3;;;
23.12.2002;1305,35;1291,79;1296.19;;;
20.12.2002;1312,13;1294,71;1294.96;;;
19.12.2002;1328,74;1301,61;1302.94;;;
18.12.2002;1330,21;1300,96;1317.19;;;
17.12.2002;1314,49;1297,67;1300.96;;;
16.12.2002;1307,99;1293,71;1304.46;;;
13.12.2002;1313,35;1286,09;1293.71;;;
12.12.2002;1331,99;1308,06;1311.66;;;
11.12.2002;1330,55;1313,48;1322.8;;;
10.12.2002;1332,66;1306,85;1313.69;;;
9.12.2002;1368,52;1324,51;1328.26;;;
5.12.2002;1374,08;1346,06;1356.14;;;
4.12.2002;1364,63;1343,38;1348.31;;;
3.12.2002;1406,67;1350,99;1356.07;;;
2.12.2002;1419,53;1388,09;1399.6;;;
29.11.2002;1393,57;1377,42;1388.09;;;
28.11.2002;1388,77;1362,47;1386.11;;;
27.11.2002;1369,19;1323,5;1362.47;;;
26.11.2002;1353,05;1324,43;1326.74;;;
25.11.2002;1347,88;1327,58;1347.82;;;
22.11.2002;1333,94;1319,08;1327.58;;;
21.11.2002;1323,85;1281,01;1322.28;;;
20.11.2002;1282,79;1266,91;1281.01;;;
19.11.2002;1290;1271,66;1274.13;;;
18.11.2002;1291,25;1273,06;1287.8;;;
15.11.2002;1282,56;1264,25;1273.63;;;
14.11.2002;1274,2;1241,08;1269.73;;;
13.11.2002;1251;1234,39;1242.77;;;
12.11.2002;1242,32;1227,27;1239.68;;;
11.11.2002;1254,79;1228,09;1229.5;;;
8.11.2002;1261,26;1246,6;1249.37;;;
7.11.2002;1283,15;1253,97;1257.38;;;
6.11.2002;1275,74;1262,65;1267.19;;;
5.11.2002;1269,87;1253,77;1265.47;;;
4.11.2002;1266,72;1223,95;1264.3;;;
1.11.2002;1243,04;1216,42;1224.25;;;
31.10.2002;1242,59;1213,14;1242.03;;;
30.10.2002;1223,43;1199,82;1213.14;;;
29.10.2002;1251,34;1197,26;1199.82;;;
28.10.2002;1258,79;1236,74;1249.21;;;
25.10.2002;1253,54;1225,39;1236.74;;;
24.10.2002;1258,06;1219,84;1252.95;;;
23.10.2002;1256,05;1222,05;1224.22;;;
22.10.2002;1254,77;1229,19;1244.78;;;
21.10.2002;1248,61;1223,85;1230.48;;;
18.10.2002;1244,5;1213,46;1237.46;;;
17.10.2002;1231,51;1190,83;1229.94;;;
16.10.2002;1211,21;1184,3;1191.17;;;
15.10.2002;1204,81;1143,58;1199.26;;;
14.10.2002;1160,85;1136,94;1143.58;;;
11.10.2002;1153,31;1105,74;1149.39;;;
10.10.2002;1109,58;1087,63;1105.74;;;
9.10.2002;1104,73;1085,51;1097.87;;;
8.10.2002;1118,41;1088,97;1093.37;;;
7.10.2002;1132,54;1102,78;1106.47;;;
4.10.2002;1144,02;1126,06;1131.14;;;
3.10.2002;1159,28;1131,49;1136.88;;;
2.10.2002;1170,15;1134,81;1154.03;;;
1.10.2002;1151,89;1131,42;1141.16;;;
30.9.2002;1181,67;1119,82;1135.92;;;
27.9.2002;1183,37;1165,63;1181.67;;;
26.9.2002;1182,67;1142,17;1174.73;;;
25.9.2002;1157,54;1128,78;1142.17;;;
24.9.2002;1175,4;1121,41;1131.9;;;
23.9.2002;1204,06;1168,42;1170.76;;;
20.9.2002;1209,95;1190,55;1191.35;;;
19.9.2002;1219,91;1197,13;1203.91;;;
18.9.2002;1256,38;1211,1;1213.35;;;
17.9.2002;1283,34;1253,92;1256.35;;;
16.9.2002;1269,76;1255,04;1257.47;;;
13.9.2002;1270,66;1251,99;1262.27;;;
12.9.2002;1293,87;1268,6;1270.66;;;
11.9.2002;1292,42;1261,68;1289.98;;;
10.9.2002;1266,18;1248,12;1262.65;;;
9.9.2002;1260,82;1246,84;1248.12;;;
6.9.2002;1252,1;1226,49;1249.35;;;
5.9.2002;1236,82;1208,28;1226.76;;;
4.9.2002;1224,54;1211,25;1217.09;;;
3.9.2002;1267,69;1217,64;1218.35;;;
2.9.2002;1274,71;1262,24;1266.55;;;
30.8.2002;1282,93;1263,71;1270.41;;;
29.8.2002;1295,71;1262,74;1271.75;;;
28.8.2002;1314,02;1288,95;1293.64;;;
27.8.2002;1323,7;1291,73;1313.75;;;
26.8.2002;1324,08;1293,67;1296.14;;;
23.8.2002;1326,58;1306,93;1311.16;;;
22.8.2002;1321,08;1277,59;1316.93;;;
21.8.2002;1288,05;1248,45;1277.59;;;
20.8.2002;1258,82;1240,42;1252.41;;;
19.8.2002;1245,09;1217,62;1240.84;;;
16.8.2002;1227,13;1212,29;1220.4;;;
15.8.2002;1223,9;1196,54;1218.61;;;
14.8.2002;1204,42;1190,3;1196.54;;;
13.8.2002;1214,63;1195,46;1204.42;;;
12.8.2002;1231,12;1206,96;1212.3;;;
9.8.2002;1226,01;1203,22;1214.97;;;
8.8.2002;1210,01;1191,61;1203.22;;;
7.8.2002;1220,21;1185,77;1191.61;;;
6.8.2002;1192,68;1145,22;1186.45;;;
5.8.2002;1209;1161,1;1162.6;;;
2.8.2002;1245,49;1201,62;1207.31;;;
1.8.2002;1283,1;1232,85;1245.44;;;
31.7.2002;1291,94;1255,25;1262.04;;;
30.7.2002;1272,82;1252,03;1266.38;;;
29.7.2002;1258,68;1202,79;1252.03;;;
26.7.2002;1213,88;1172,65;1203.52;;;
25.7.2002;1233,59;1186,67;1207.4;;;
24.7.2002;1253,38;1145,12;1186.67;;;
23.7.2002;1295,62;1239,85;1251.27;;;
22.7.2002;1323,38;1281,5;1295.62;;;
19.7.2002;1359,83;1312,77;1322.31;;;
18.7.2002;1390,13;1354,07;1359.65;;;
17.7.2002;1374,12;1340,55;1367.41;;;
16.7.2002;1389,43;1335,7;1341.3;;;
15.7.2002;1401,22;1358,94;1370.76;;;
12.7.2002;1420,4;1386,7;1398.65;;;
11.7.2002;1426,7;1390,99;1405.01;;;
10.7.2002;1450,7;1422,53;1425.93;;;
9.7.2002;1457,46;1439,28;1444.39;;;
8.7.2002;1463,43;1445,67;1453.28;;;
5.7.2002;1459,31;1428,31;1452.49;;;
4.7.2002;1434,7;1411,96;1428.31;;;
3.7.2002;1439,53;1405,96;1412.52;;;
2.7.2002;1457,81;1428,25;1439.53;;;
1.7.2002;1469,38;1435,15;1457.81;;;
28.6.2002;1446,89;1412,99;1444.91;;;
27.6.2002;1427,01;1385,23;1412.99;;;
26.6.2002;1406,69;1358,3;1385.23;;;
25.6.2002;1416,68;1393,21;1406.69;;;
24.6.2002;1432,87;1389;1394.14;;;
20.6.2002;1466,4;1424,42;1425.76;;;
19.6.2002;1490,8;1455,26;1458.61;;;
18.6.2002;1491,2;1479,81;1490.55;;;
17.6.2002;1481,26;1455,09;1479.81;;;
14.6.2002;1477,25;1435,7;1455.09;;;
13.6.2002;1497,76;1473,57;1476.34;;;
12.6.2002;1508,68;1476,11;1481.47;;;
11.6.2002;1510,21;1473,19;1508.68;;;
10.6.2002;1491,87;1475,08;1487.72;;;
7.6.2002;1512,65;1471,03;1477.99;;;
6.6.2002;1526,53;1510,13;1512.65;;;
5.6.2002;1519,58;1501,2;1518.95;;;
4.6.2002;1529,13;1497,4;1502.8;;;
3.6.2002;1540,21;1519,38;1529.13;;;
31.5.2002;1538,57;1521,02;1538.57;;;
30.5.2002;1540,07;1517,36;1525.85;;;
29.5.2002;1558,56;1538,91;1540.07;;;
28.5.2002;1567,77;1548,52;1554.25;;;
27.5.2002;1564,63;1551,12;1552.59;;;
24.5.2002;1563,05;1552,58;1561.39;;;
23.5.2002;1558,98;1539,38;1558.67;;;
22.5.2002;1578,41;1547,77;1552.45;;;
21.5.2002;1600,08;1571,31;1578.41;;;
20.5.2002;1608,07;1591,3;1592.07;;;
17.5.2002;1620,89;1602,01;1603.37;;;
16.5.2002;1616,93;1598,84;1605.5;;;
15.5.2002;1628,45;1609,89;1616.01;;;
14.5.2002;1612,5;1585,69;1610.59;;;
13.5.2002;1588,76;1568,79;1586.39;;;
10.5.2002;1595,76;1571,52;1578.7;;;
8.5.2002;1598,17;1557,05;1595.53;;;
7.5.2002;1561,09;1531,53;1557.47;;;
6.5.2002;1572,29;1553,82;1557.93;;;
3.5.2002;1598,89;1565,89;1570.93;;;
2.5.2002;1600,03;1576,74;1598.45;;;
30.4.2002;1586,83;1571,51;1576.74;;;
29.4.2002;1587,74;1565,19;1584.58;;;
26.4.2002;1591,82;1560,99;1587.38;;;
25.4.2002;1594,49;1537,86;1560.99;;;
24.4.2002;1605,49;1579,57;1582.86;;;
23.4.2002;1629,23;1584,86;1602.39;;;
22.4.2002;1643,63;1618,64;1620.37;;;
19.4.2002;1659,89;1633,81;1643.51;;;
18.4.2002;1694,78;1653,57;1659.74;;;
17.4.2002;1695,97;1676,58;1689.08;;;
16.4.2002;1678,56;1647,42;1676.58;;;
15.4.2002;1655,64;1640,36;1648.18;;;
12.4.2002;1645,75;1632,47;1642;;;
11.4.2002;1668,15;1638,91;1644.83;;;
10.4.2002;1669,37;1654,38;1664.94;;;
9.4.2002;1670,58;1659,99;1669.37;;;
8.4.2002;1684,12;1659,86;1662.36;;;
5.4.2002;1681,19;1664,39;1678.57;;;
4.4.2002;1687,42;1664,86;1673.01;;;
3.4.2002;1688,43;1671,3;1687.42;;;
2.4.2002;1690,51;1676,86;1683.77;;;
27.3.2002;1679,11;1666,36;1678.08;;;
26.3.2002;1687,71;1666,46;1676.04;;;
25.3.2002;1703,74;1680,4;1685.39;;;
22.3.2002;1692,5;1680,09;1686.32;;;
21.3.2002;1686,21;1666,38;1684.63;;;
20.3.2002;1685,24;1671,96;1672.35;;;
19.3.2002;1696,4;1680,79;1684.84;;;
18.3.2002;1700,14;1679,13;1695.08;;;
15.3.2002;1689,19;1678,13;1679.13;;;
14.3.2002;1702,55;1677,59;1686.89;;;
13.3.2002;1710,33;1697,73;1702.53;;;
12.3.2002;1721,67;1698,82;1700.71;;;
11.3.2002;1731,81;1714,12;1721.15;;;
8.3.2002;1728,51;1708,72;1726.67;;;
7.3.2002;1721,9;1695,39;1713.79;;;
6.3.2002;1703,16;1681,24;1695.39;;;
5.3.2002;1701,64;1687,3;1690.46;;;
4.3.2002;1692,04;1652,88;1690.53;;;
1.3.2002;1659,94;1636,7;1652.88;;;
28.2.2002;1645,87;1626,53;1642.58;;;
27.2.2002;1648,03;1627,84;1645.17;;;
26.2.2002;1636,44;1615,35;1628.99;;;
25.2.2002;1621,98;1602,04;1615.35;;;
22.2.2002;1621,33;1601,91;1604.2;;;
21.2.2002;1625,55;1607,03;1619.08;;;
20.2.2002;1622,28;1599,05;1607.03;;;
19.2.2002;1648,3;1617,02;1621.88;;;
18.2.2002;1655,46;1633,57;1637.38;;;
15.2.2002;1655,57;1640,71;1655.46;;;
14.2.2002;1658,7;1627,26;1652.13;;;
13.2.2002;1627,69;1604,87;1627.26;;;
12.2.2002;1612,12;1589,05;1606.61;;;
11.2.2002;1592,01;1566,61;1589.05;;;
8.2.2002;1582,76;1562,32;1566.61;;;
7.2.2002;1587,21;1566,93;1582.4;;;
6.2.2002;1597,04;1568,63;1571.05;;;
5.2.2002;1615,47;1584,27;1593.01;;;
4.2.2002;1625,21;1609,8;1615.47;;;
1.2.2002;1622,08;1591,13;1618.27;;;
31.1.2002;1610,41;1573,57;1591.13;;;
30.1.2002;1608,79;1568,44;1574.08;;;
29.1.2002;1615,77;1595,04;1608.48;;;
28.1.2002;1611,75;1595,47;1603.66;;;
25.1.2002;1599,93;1584,85;1596.16;;;
24.1.2002;1604,08;1566,33;1599.9;;;
23.1.2002;1579,67;1562,9;1566.33;;;
22.1.2002;1585,77;1563,46;1576.69;;;
21.1.2002;1592,49;1564,01;1565.17;;;
18.1.2002;1594,11;1575,63;1592.28;;;
17.1.2002;1591,77;1557,36;1587.63;;;
16.1.2002;1584,92;1556,07;1558.67;;;
15.1.2002;1598,37;1575,36;1584.92;;;
14.1.2002;1648,77;1589,42;1598.18;;;
11.1.2002;1652,32;1631,89;1648.14;;;
10.1.2002;1656,93;1630,78;1633.72;;;
9.1.2002;1665,82;1649,13;1656.06;;;
8.1.2002;1695,88;1658,11;1665.47;;;
7.1.2002;1705,72;1678,03;1695.88;;;
4.1.2002;1696,31;1651,73;1678.28;;;
3.1.2002;1659,09;1602,07;1651.73;;;
2.1.2002;1606,58;1586,26;1603.27;;;
28.12.2001;1602,06;1577,65;1600.99;;;
27.12.2001;1586,19;1564,05;1578.65;;;
21.12.2001;1567,13;1537,19;1564.05;;;
20.12.2001;1571,95;1543,16;1551.35;;;
19.12.2001;1587,04;1561,92;1567.12;;;
18.12.2001;1590,37;1560,31;1586.81;;;
17.12.2001;1566,89;1550,31;1561.64;;;
14.12.2001;1559,55;1543,05;1552.7;;;
13.12.2001;1590,44;1556,32;1559.53;;;
12.12.2001;1616,43;1581,78;1586.35;;;
11.12.2001;1607,41;1572,83;1604.28;;;
10.12.2001;1614,67;1576,27;1589.24;;;
7.12.2001;1619;1593,45;1614.61;;;
5.12.2001;1605,91;1549,08;1594.85;;;
4.12.2001;1556,72;1542,83;1549.08;;;
3.12.2001;1561,45;1534,3;1542.83;;;
30.11.2001;1567,02;1540,48;1559.67;;;
29.11.2001;1553,05;1527,31;1540.48;;;
28.11.2001;1572,73;1545,27;1553.05;;;
27.11.2001;1602,65;1560,91;1565.16;;;
26.11.2001;1612,65;1585,77;1596.2;;;
23.11.2001;1600,27;1571,56;1585.84;;;
22.11.2001;1589,52;1552,35;1586.83;;;
21.11.2001;1562,82;1538,45;1553.76;;;
20.11.2001;1586,17;1555,66;1559.65;;;
19.11.2001;1604,19;1573,2;1579.19;;;
16.11.2001;1587,76;1561,1;1584.02;;;
15.11.2001;1590,24;1558,69;1575.13;;;
14.11.2001;1578,3;1545,38;1560.16;;;
13.11.2001;1551,12;1498,37;1545.38;;;
12.11.2001;1515,9;1479,67;1498.37;;;
9.11.2001;1535,29;1500,53;1508.24;;;
8.11.2001;1538,52;1483,46;1535.29;;;
7.11.2001;1498,92;1476,74;1490;;;
6.11.2001;1504,49;1476,73;1485.18;;;
5.11.2001;1491,77;1454,17;1484.41;;;
2.11.2001;1466,74;1438,81;1454.17;;;
1.11.2001;1469,02;1433,86;1438.81;;;
31.10.2001;1469,02;1412,64;1469.02;;;
30.10.2001;1464,05;1408,26;1412.64;;;
29.10.2001;1482,08;1449,44;1464.05;;;
26.10.2001;1494,96;1466,04;1479.83;;;
25.10.2001;1520,37;1460,66;1471.59;;;
24.10.2001;1494,08;1430,3;1493.66;;;
23.10.2001;1449,77;1391,16;1446.22;;;
22.10.2001;1394,97;1375,09;1391.16;;;
19.10.2001;1395,73;1379,23;1389.18;;;
18.10.2001;1413,26;1375,7;1385.65;;;
17.10.2001;1423,42;1380,15;1413.26;;;
16.10.2001;1384,16;1366,17;1380.15;;;
15.10.2001;1403,63;1361,83;1367.76;;;
12.10.2001;1422,82;1385,3;1401.83;;;
11.10.2001;1411,77;1352,41;1408.56;;;
10.10.2001;1364,5;1328,75;1352.41;;;
9.10.2001;1341,14;1312,5;1335.37;;;
8.10.2001;1322,4;1293,57;1319.36;;;
5.10.2001;1325,54;1292,01;1309.53;;;
4.10.2001;1311,63;1246,6;1307.75;;;
3.10.2001;1262,8;1233,95;1246.6;;;
2.10.2001;1261,01;1236;1256.4;;;
1.10.2001;1262,33;1234,24;1239.6;;;
28.9.2001;1258,2;1213,58;1250.21;;;
27.9.2001;1222,65;1200,5;1214.7;;;
26.9.2001;1227,77;1209,6;1221.36;;;
25.9.2001;1238,97;1216,08;1227.39;;;
24.9.2001;1220,94;1192,11;1216.08;;;
21.9.2001;1215,25;1143,3;1192.22;;;
20.9.2001;1262,88;1211,73;1215.25;;;
19.9.2001;1268,13;1242,41;1258.41;;;
18.9.2001;1251,21;1230,43;1248.21;;;
17.9.2001;1265,73;1220,5;1247.64;;;
14.9.2001;1314,44;1256,27;1264.62;;;
13.9.2001;1316,57;1280,7;1302.78;;;
12.9.2001;1299,66;1229,66;1293.97;;;
11.9.2001;1370,42;1241,71;1261.29;;;
10.9.2001;1352,69;1309,49;1326.33;;;
7.9.2001;1372,45;1338,09;1348.21;;;
6.9.2001;1395,79;1361,66;1372.45;;;
5.9.2001;1396,71;1383,18;1395.79;;;
4.9.2001;1407,37;1378,23;1395.14;;;
3.9.2001;1421,99;1382,4;1388.83;;;